Customer,Vehicle,Service Date,Issue Description,Status
Customer_12,Vehicle_20,2025-06-26,Career style night vote.,In Progress
Customer_2,Vehicle_4,2024-12-17,Season summer ask however instead small magazine become.,In Progress
Customer_2,Vehicle_6,2025-06-05,Travel myself they half.,In Progress
Customer_16,Vehicle_17,2025-05-22,Book seem it although.,In Progress
Customer_9,Vehicle_15,2025-03-16,Increase lawyer apply sometimes.,Requested
Customer_12,Vehicle_18,2025-07-01,Piece style president truth happen together cold.,Requested
Customer_12,Vehicle_16,2025-02-27,By candidate approach conference.,In Progress
Customer_13,Vehicle_4,2024-11-18,Although law instead field boy foreign.,Requested
Customer_5,Vehicle_10,2024-10-27,Poor home college one visit run.,Requested
Customer_7,Vehicle_12,2024-11-30,After campaign economy analysis candidate control close.,Completed
Customer_1,Vehicle_19,2025-07-09,Risk third cold across.,Requested
Customer_15,Vehicle_17,2025-01-21,Great soon foreign various finish so window.,Completed
Customer_5,Vehicle_1,2024-10-26,House them they much.,Completed
Customer_15,Vehicle_19,2025-06-01,Officer get technology.,In Progress
Customer_11,Vehicle_11,2024-10-26,Level wish high pull perform cell have.,In Progress
Customer_20,Vehicle_16,2025-01-27,Window much play.,Completed
Customer_9,Vehicle_2,2024-10-07,Nearly matter relationship other shake.,In Progress
Customer_9,Vehicle_10,2025-01-21,Impact different player chance once available item.,Completed
Customer_18,Vehicle_10,2024-11-25,Election may moment against.,In Progress
Customer_18,Vehicle_18,2024-09-09,Open hundred ever.,Requested
