Dealer Name,Dealer Location,Dealer Code,Phone,Email
Hobbs and Sons,New Nicoleport,D001,9049964371,navarrobailey@allen.com
Cox-Carson,East Yolandabury,D002,940-375-4754x8099,jennifermays@bates.info
Bradley Ltd,Debrafurt,D003,(770)331-0576x72382,schneiderjohn@hansen.info
Clark Inc,Rowehaven,D004,001-781-427-8217x3868,edwardfreeman@martin.com
Duncan-Hanson,West Williamfurt,D005,696.690.3807,christine37@johnson-friedman.net
"Barnett, Monroe and Norris",Johnfurt,D006,(912)623-5086x66980,wolfemelanie@allison.com
Wolf LLC,Vargasberg,D007,244-395-4960x12428,jennifer50@reese.org
Castillo and Sons,Perezfort,D008,249.272.2744x7515,sonya38@moore.com
Baker PLC,Kleinfort,D009,742.851.8457,austinfrazier@chan.net
Jimenez Inc,East Roberthaven,D010,(791)701-0139x047,perezjessica@jones.com
